-33,-2,rzssal/CtUbTqSxKsIbggJr8agk=,/axGxjhzWxBAJXvAb4nR/3hGkaQ=
-33,-1,rzssal/CtUbTqSxKsIbggJr8agk=,/axGxjhzWxBAJXvAb4nR/3hGkaQ=
-33,-15,rzssal/CtUbTqSxKsIbggJr8agk=,7pAk6SLw4I4iXYK9nuI6QlXG9RM=
-33,-16,rzssal/CtUbTqSxKsIbggJr8agk=,7pAk6SLw4I4iXYK9nuI6QlXG9RM=
-33,-22,rzssal/CtUbTqSxKsIbggJr8agk=,8O20VWENjZc/J4Uctkhk3r5wBWM=
-33,-17,rzssal/CtUbTqSxKsIbggJr8agk=,liVwbB3Vw9cWC8xjkVWSQS/ijZY=
-33,-18,1bUtY9IEW0/huERHMS53vZJfefY=,liVwbB3Vw9cWC8xjkVWSQS/ijZY=
-33,-21,1bUtY9IEW0/huERHMS53vZJfefY=,8O20VWENjZc/J4Uctkhk3r5wBWM=
-33,-19,1bUtY9IEW0/huERHMS53vZJfefY=,a8nmEjAbGwCspAg0+onOOi/a/Q8=
-33,-20,1bUtY9IEW0/huERHMS53vZJfefY=,a8nmEjAbGwCspAg0+onOOi/a/Q8=
